DateTime,NavigatedToUrl,PageTitle
2024-11-28T02:11:19.442Z,https://salvageyarddrone.wordpress.com/2024/08/02/geiger-scrap-and-salvage/,Geiger Scrap and Salvage – Salvage Yard Drone
2024-11-28T02:11:13.570Z,https://wordpress.com/post/salvageyarddrone.wordpress.com/846,Edit Post ‹ Salvage Yard Drone — WordPress.com
2024-11-28T02:11:09.781Z,https://salvageyarddrone.wordpress.com/2024/08/05/cleveland-auto-sales-salvage/,Cleveland Auto Sales & Salvage – Salvage Yard Drone
2024-11-28T02:10:57.807Z,https://wordpress.com/post/salvageyarddrone.wordpress.com/810,Edit Post ‹ Salvage Yard Drone — WordPress.com
2024-11-28T02:10:54.975Z,https://salvageyarddrone.wordpress.com/2024/08/08/arrow-auto-inc/,Arrow Auto Inc – Salvage Yard Drone
2024-11-28T02:10:48.478Z,https://wordpress.com/post/salvageyarddrone.wordpress.com/836,Edit Post ‹ Salvage Yard Drone — WordPress.com
2024-11-28T02:10:44.247Z,https://salvageyarddrone.wordpress.com/2024/08/09/k-h-auto-sales/,K & H Auto Sales – Salvage Yard Drone
2024-11-28T02:10:35.850Z,https://wordpress.com/post/salvageyarddrone.wordpress.com/896,Edit Post ‹ Salvage Yard Drone — WordPress.com
2024-11-28T02:10:32.526Z,https://salvageyarddrone.wordpress.com/2024/08/10/georges-auto-truck-salvage/,George’s Auto & Truck Salvage – Salvage Yard Drone
2024-11-28T02:10:23.844Z,https://wordpress.com/post/salvageyarddrone.wordpress.com/887,Edit Post ‹ Salvage Yard Drone — WordPress.com
2024-11-28T02:10:20.599Z,https://salvageyarddrone.wordpress.com/2024/08/14/akright-auto-parts/,Akright Auto Parts – Salvage Yard Drone
2024-11-28T02:10:07.077Z,https://wordpress.com/post/salvageyarddrone.wordpress.com/814,Edit Post ‹ Salvage Yard Drone — WordPress.com
2024-11-28T02:10:02.723Z,https://salvageyarddrone.wordpress.com/2024/08/16/new-richmond-auto-salvage/,New Richmond Auto Salvage – Salvage Yard Drone
2024-11-28T02:09:50.647Z,https://wordpress.com/post/salvageyarddrone.wordpress.com/770,Edit Post ‹ Salvage Yard Drone — WordPress.com
2024-11-28T02:09:47.472Z,https://salvageyarddrone.wordpress.com/2024/08/19/fox-valley-iron-metal-inc/,"Fox Valley Iron & Metal, Inc. – Salvage Yard Drone"
2024-11-28T02:09:30.616Z,https://salvageyarddrone.wordpress.com/2024/08/23/kopke-auto-salvage/,Kopke Auto Salvage – Salvage Yard Drone
2024-11-28T02:09:23.974Z,https://salvageyarddrone.wordpress.com/2024/08/24/shaws-wrecking-yard-llc/,Shaw’s Wrecking Yard LLC – Salvage Yard Drone
2024-11-28T02:09:19.133Z,https://salvageyarddrone.wordpress.com/2024/08/25/midway-auto/,Midway Auto – Salvage Yard Drone
2024-11-28T02:09:12.985Z,https://salvageyarddrone.wordpress.com/2024/08/27/amery-auto-salvage/,Amery Auto Salvage – Salvage Yard Drone
2024-11-28T02:08:37.399Z,https://salvageyarddrone.wordpress.com/2024/08/30/fjorden-auto-parts/,Fjorden Auto Parts – Salvage Yard Drone
2024-11-28T02:08:27.206Z,https://salvageyarddrone.wordpress.com/2024/08/31/automotive-associates/,Automotive Associates – Salvage Yard Drone
2024-11-27T14:40:04.655Z,https://salvageyarddrone.wordpress.com/2024/10/27/copart-des-moines/,Copart – Des Moines – Salvage Yard Drone
2024-11-28T02:53:43.966Z,https://salvageyarddrone.wordpress.com/2024/11/01/watts-repair-salvage-auto-sales/,Watts Repair Salvage & Auto Sales – Salvage Yard Drone
2024-11-28T02:53:38.263Z,https://salvageyarddrone.wordpress.com/2024/11/02/yaws-auto-salvage/,Yaw’s Auto Salvage – Salvage Yard Drone
2024-11-28T02:53:33.343Z,https://salvageyarddrone.wordpress.com/2024/11/03/jack-bucklin-auto-parts/,Jack Bucklin Auto & Parts – Salvage Yard Drone
2024-11-28T02:53:24.711Z,https://salvageyarddrone.wordpress.com/2024/11/04/u-pull-it/,U-Pull-It – Salvage Yard Drone
2024-11-28T02:53:19.699Z,https://salvageyarddrone.wordpress.com/2024/11/05/0834400003-0834400004/,0834400003/0834400004 – Salvage Yard Drone
2024-11-28T02:53:11.377Z,https://salvageyarddrone.wordpress.com/2024/11/06/meyers-auto-parts/,Meyers Auto Parts – Salvage Yard Drone
2024-11-28T02:53:04.365Z,https://salvageyarddrone.wordpress.com/2024/11/07/sams-riverside-trucks-parts/,Sam’s Riverside Trucks & Parts – Salvage Yard Drone
2024-11-28T02:52:58.327Z,https://salvageyarddrone.wordpress.com/2024/11/08/denton-auto-salvage-inc/,Denton Auto Salvage Inc – Salvage Yard Drone
2024-11-28T02:52:51.598Z,https://salvageyarddrone.wordpress.com/2024/11/09/0000234011/,0000234011 – Salvage Yard Drone
2024-11-28T02:52:44.114Z,https://salvageyarddrone.wordpress.com/2024/11/10/silas-enterprises/,Silas Enterprises – Salvage Yard Drone
2024-11-28T02:52:39.446Z,https://salvageyarddrone.wordpress.com/2024/11/12/sitzman-repair-auto-inc/,Sitzman Repair & Auto Inc – Salvage Yard Drone
2024-11-28T02:52:34.696Z,https://salvageyarddrone.wordpress.com/2024/11/14/0141800000007000/,0141800000007000 – Salvage Yard Drone
2024-11-28T02:52:30.088Z,https://salvageyarddrone.wordpress.com/2024/11/14/mikes-equipment/,Mike’s Equipment – Salvage Yard Drone
2024-11-28T02:52:25.392Z,https://salvageyarddrone.wordpress.com/2024/11/14/colfax-tractor-combine-parts/,Colfax Tractor & Combine Parts – Salvage Yard Drone
2024-11-28T02:52:20.933Z,https://salvageyarddrone.wordpress.com/2024/11/15/dougs-4-wheelers/,Doug’s 4 Wheelers – Salvage Yard Drone
2024-11-28T02:27:44.108Z,https://salvageyarddrone.wordpress.com/2024/10/01/aaa-auto-parts-u-pull-r-parts/,AAA Auto Parts & U Pull R Parts – Salvage Yard Drone
2024-11-28T02:27:37.837Z,https://salvageyarddrone.wordpress.com/2024/10/06/vans-auto-salvage/,Van’s Auto Salvage – Salvage Yard Drone
2024-11-28T02:27:32.325Z,https://salvageyarddrone.wordpress.com/2024/10/11/harrison-auto-salvage-inc/,"Harrison Auto Salvage, Inc. – Salvage Yard Drone"
2024-11-28T02:27:26.104Z,https://salvageyarddrone.wordpress.com/2024/10/11/tennison-auto-sales-and-salvage/,Tennison Auto Sales And Salvage – Salvage Yard Drone
2024-11-28T02:27:19.755Z,https://salvageyarddrone.wordpress.com/2024/10/11/goddards-auto-body-towing/,Goddard’s Auto Body & Towing – Salvage Yard Drone
2024-11-28T02:27:13.623Z,https://salvageyarddrone.wordpress.com/2024/10/16/lkq-viking-auto-salvage/,LKQ Viking Auto Salvage – Salvage Yard Drone
2024-11-28T02:27:07.951Z,https://salvageyarddrone.wordpress.com/2024/10/17/metro-auto-salvage-inc/,"Metro Auto Salvage, Inc. – Salvage Yard Drone"
2024-11-28T02:27:01.412Z,https://salvageyarddrone.wordpress.com/2024/10/18/cooleys-truck-auto-wrecking/,Cooley’s Truck & Auto Wrecking – Salvage Yard Drone
2024-11-28T02:26:55.141Z,https://salvageyarddrone.wordpress.com/2024/10/21/meckleys-parts-services/,Meckley’s Parts & Services – Salvage Yard Drone
2024-11-28T02:26:45.389Z,https://salvageyarddrone.wordpress.com/2024/10/22/hawkeye-auto-salvage/,Hawkeye Auto Salvage – Salvage Yard Drone
2024-11-28T02:26:39.944Z,https://salvageyarddrone.wordpress.com/2024/10/23/wrench-n-go/,Wrench’ N Go – Salvage Yard Drone
2024-11-28T02:26:35.185Z,https://salvageyarddrone.wordpress.com/2024/10/24/car-country-inc/,Car Country – Salvage Yard Drone
2024-11-28T02:26:27.802Z,https://salvageyarddrone.wordpress.com/2024/10/25/jerrys-auto/,Jerry’s Auto – Salvage Yard Drone
2024-11-28T02:26:23.058Z,https://salvageyarddrone.wordpress.com/2024/10/26/a-b-salvage/,A B Salvage – Salvage Yard Drone
2024-11-28T02:26:12.439Z,https://salvageyarddrone.wordpress.com/2024/10/29/perry-salvage/,Perry Salvage – Salvage Yard Drone
2024-11-28T02:26:07.348Z,https://salvageyarddrone.wordpress.com/2024/10/30/billys-sales-salvage/,Billy’s Sales & Salvage – Salvage Yard Drone
2024-11-28T02:26:01.824Z,https://salvageyarddrone.wordpress.com/2024/10/31/cooters-recycling/,Cooter’s Recycling – Salvage Yard Drone
2024-11-28T02:25:20.648Z,https://salvageyarddrone.wordpress.com/2024/09/01/018220706-08-10/,018220706-08.10 – Salvage Yard Drone
2024-11-28T02:25:14.142Z,https://salvageyarddrone.wordpress.com/2024/09/03/chesney-auto-salvage/,Chesney Auto Salvage – Salvage Yard Drone
2024-11-28T02:25:07.710Z,https://salvageyarddrone.wordpress.com/2024/09/06/bay-auto-parts-inc/,Bay Auto Parts Inc – Salvage Yard Drone
2024-11-28T02:24:58.213Z,https://salvageyarddrone.wordpress.com/2024/09/13/rhine-auto-inc/,Rhine Auto Inc – Salvage Yard Drone
2024-11-28T02:24:53.732Z,https://salvageyarddrone.wordpress.com/2024/09/16/interstate-auto-electric/,Interstate Auto Electric – Salvage Yard Drone
2024-11-28T02:24:49.121Z,https://salvageyarddrone.wordpress.com/2024/09/17/auto-truck-van-salvage/,"Auto, Truck & Van Salvage – Salvage Yard Drone"