SY_MEGA,rename
https://mega.nz/folder/SABQXRQK#gS0Gv43ocBVIbSOEcTlFgQ,267.zip
https://mega.nz/folder/Xix23ZrC#6wBe09e6GBGjHkvtSIL70Q,180.zip
https://mega.nz/folder/BwxzDLrI#5yQYjcbQaC1yx3Y3HMdj8g,337.zip
https://mega.nz/folder/rmAlXTJJ#akuj4EwaQC44wRDzd3lx1Q,181.zip
https://mega.nz/folder/WnJTBKzZ#xNtAU1O8SvgPmgeIhvsthA,183.zip
https://mega.nz/folder/iyJkhB6I#WE9LkxkczHsvXJ4WJsblGg,200.zip
https://mega.nz/folder/7qRhEZZR#CTrrHjuo3TN9AXxSXPmT7w,188.zip
https://mega.nz/folder/19BQ0K5B#w95RZwpnovyNQNkyMUHLGw,351.zip
https://mega.nz/folder/zmxFyBrD#pHmDWZfIqLq-4l89yBCFqw,184.zip
https://mega.nz/folder/iUFHjCCI#GrXdxgEPbas05gHcJbi9IQ,278.zip
https://mega.nz/folder/khZ1iCDK#v7m5ige7ID2i387q-KorRw,356.zip
https://mega.nz/folder/Zg5m0D5S#WJC-dYIsqHbkd76y_VYRMg,357.zip
https://mega.nz/folder/Q4A3EIgY#ShC4-Y77urdv9ZGB-3o6NQ,362.zip
https://mega.nz/folder/nEEVHJpC#MN9DxFMnDBzoGeCCbyoaog,287.zip
https://mega.nz/folder/h1RCGL7L#-SP1FHE1rpNMISyyFiR0zQ,375.zip
https://mega.nz/folder/1lxRzAqa#erhOk5rNwREcMfxTUi_R2g,363.zip
https://mega.nz/folder/ptxTGT4K#r6EAu-k9pgVIUd-7e4Ru2Q,257.zip
https://mega.nz/folder/Fs4FVRbL#KUAUysVxY7AhXFW8zPTMkA,254.zip
https://mega.nz/folder/bjgQGLoD#x23wRQ1wm4Dz_Zxr8kc5bw,213.zip
https://mega.nz/folder/xsxD1ISL#f8G2tC4KGVUQ6wOzQtd_tQ,259.zip
https://mega.nz/folder/90hnCRSK#lqjWafGEQHU1NEKdLjC_zg,247.zip
https://mega.nz/folder/ampCVIoC#7L-sN3Q2piK4467i-9hLeQ,249.zip
https://mega.nz/folder/i2BzATBC#rfGzuDuMmC-OrezNJgrQJw,248.zip
https://mega.nz/folder/anIj0RqL#b0cRPR_5G_yzeicDKI_4jA,204.zip
https://mega.nz/folder/anYVhAqa#ZNKwJZ5sNoxvu_w33rUqdQ,224.zip
https://mega.nz/folder/S250jDLI#i2bQ5S3z4gihjzusLcdyWA,219.zip
https://mega.nz/folder/umQCSDaC#o0OHjK6O8ww4EbMjsjvCbQ,223.zip
https://mega.nz/folder/3igjRC5A#Wq0UnJzQWgP_3bUuqr8Gxw,202.zip
https://mega.nz/folder/koYBGY4A#WJP5QbFMBHCFNPMRpr5nIQ,244.zip
https://mega.nz/folder/91ByDaZb#VPPKTmRPY9MKEUSmyoFjxA,263.zip
https://mega.nz/folder/CQ9gTRoA#fWqWWBLGNQto0yUCSeLpwQ,275.zip
https://mega.nz/folder/HjxCWTLI#nojnidU9kTWHWL-1qQ8uEg,222.zip
https://mega.nz/folder/jmxx0Q5A#BdiVC3r1B8RsT2HGHH4S1A,215.zip
https://mega.nz/folder/ZhRGSCIA#Jl7LZO5rOPkzxnaCxvfIgw,233.zip
https://mega.nz/folder/W34TUYyI#_0O-fa03-jgGqAj6_3sQ3g,221.zip
https://mega.nz/folder/BxsHQaBS#R1nixQ81pAEgNYB5mJgsqQ,201.zip
https://mega.nz/folder/dSEE0L6R#FVd2iABa21pVDVNf6LJoVA,325.zip
https://mega.nz/folder/CnAwnQID#ePceVsSJpfX6mUsuiC5MWw,214.zip
https://mega.nz/folder/qjZETYwA#ykoMpAqtcGJlzuG2KIP1cg,208.zip
https://mega.nz/folder/nz4wXA5Z#nHVhxtVBumNKJR_jL4XhBQ,220.zip
https://mega.nz/folder/18w0FbAI#dtzsL8T0hA-fYXiNKJm6Gg,245.zip
https://mega.nz/folder/doIAxapa#Ul9j1a3E9nkzii_WpGoazA,260.zip
https://mega.nz/folder/H7p3ARSQ#w6FGqreO_PDvvXG4_e_llA,196.zip
https://mega.nz/folder/KmBTVIbB#L8ipxUNBenOJF0nKTSpoVQ,191.zip
https://mega.nz/folder/8SE0QZZb#puXMO8Lrd5lSsE7FJ0Ta6g,316.zip
https://mega.nz/folder/RXsl3KjY#pfuxtp81W5EMyUlw3XwAng,345.zip
https://mega.nz/folder/JOdG0LAA#fBv2Bm8LCuOQQhPNaNtNtg,333.zip
https://mega.nz/folder/xGtjCTTL#HNmQAprnSOVut6_eiQYhZA,296.zip
https://mega.nz/folder/jr4DVZjK#ra8cS3Sn_ArIz4oZTGH-2g,187.zip
https://mega.nz/folder/njwFVaoQ#nK0oLFub0bfR1akG5McLdQ,182.zip
https://mega.nz/folder/2zRwCY5D#nmOl-q2FLLYre_khd8MobA,266.zip
https://mega.nz/folder/l4JXDSZK#TrckrVkfhJgehG645DzEjA,353.zip
https://mega.nz/folder/LhpC0apA#OolVbM9L4Ki2EQx2Bc-4Gg,376.zip
https://mega.nz/folder/R9Q0DDQR#DzRFC_Wtlam-_Jg7YFq39g,354.zip
https://mega.nz/folder/yZ0miZoQ#pT0mWPWtUeY4NkXPM2ua-Q,284.zip
https://mega.nz/folder/Rt5mRJCA#2IcXkfchEDNUc-cGuh77Ng,256.zip
https://mega.nz/folder/x5hy3ADY#-qqDZmM5bb4IMpvea0MhjA,229.zip
https://mega.nz/folder/MtZSiazL#R-cxbSgfSDlXPegfGL33pA,230.zip
https://mega.nz/folder/M4BlHb5R#g8GPz6TrBLWp-iYPwmA3rA,240.zip
https://mega.nz/folder/2n5kyToL#5YfNoI51y-PtXrQdvRH08g,228.zip
https://mega.nz/folder/mL5XULBR#m7hMwQEAJ-9LiNeiaqNm2Q,241.zip
https://mega.nz/folder/ZkgzzD7B#XQwqQJ0HF84oFi_pFBnUog,255.zip
https://mega.nz/folder/fVdTVSgL#7fTmQyYePZQWoikLKw7_yg,280.zip
https://mega.nz/folder/y7wEmICZ#Px_whSX8QC_sj-Wq-s3CZA,190.zip
https://mega.nz/folder/X3AzhLaZ#7ne0dRLRcF5oGcw5KGVMgA,212.zip
https://mega.nz/folder/RswHXZoL#l6eK28T7nSzBoJ6F81kZYw,246.zip
https://mega.nz/folder/IwxUEAIK#m9jn4Rc-8KdHY2AATpdWGg,264.zip
https://mega.nz/folder/m6AHRDqQ#L7iV5N7Cn7ziI0kM7_cV1w,198.zip
https://mega.nz/folder/CnpGlYQb#IlJ5c9qeuLjWPzFWGMO6Hw,185.zip
https://mega.nz/folder/GzYSgDaY#deC2WWptHGnNdGHkGLfA7Q,211.zip
https://mega.nz/folder/mnIGwZxZ#0yvc4NH0rHcHjiBao61jTA,186.zip
https://mega.nz/folder/5x5EVTBA#-IHY15lSeQRaixFkwrmRcQ,237.zip
https://mega.nz/folder/dlgFVJoB#nHIVoc8qZXU59yLIHw3iEg,309.zip
https://mega.nz/folder/sfdyiBpR#8QS0r2f1iXNa9d6FQXfe_Q,323.zip
https://mega.nz/folder/Fhxx3YiS#7qbJCYurxjcdSjoZPkGRaA,261.zip
https://mega.nz/folder/K3xShJYJ#f36fSrUrftQCcXCEz_592Q,226.zip
https://mega.nz/folder/v2BixZwA#UqKUbSTWIvB2JQQ4LGSL6g,203.zip
https://mega.nz/folder/fEERjB4K#WtN_eA26YqA8UcPPrZpB-A,282.zip
https://mega.nz/folder/ds4CibIQ#7ctY2ra9ZyONjpGcleIvlA,242.zip
https://mega.nz/folder/26o1hJZJ#BH2hY2okSJ-4GigznkBC8g,189.zip
https://mega.nz/folder/f3ATEAia#7-PTMjSgEGVS5Lnn8Rz5BA,217.zip
https://mega.nz/folder/mi5hXapT#_TVXrwrUXYWLqST1cwxFpg,207.zip
https://mega.nz/folder/e2Rx2IZK#BNO_zTvQ9oDo0Eqi1V2Wrg,193.zip
https://mega.nz/folder/Sz5XBIhI#K4DKxcVfFEor0jrKvjda2A,225.zip
https://mega.nz/folder/98gGlIxB#8bMFSiQ3b7TWbR8rnO2B6Q,368.zip
https://mega.nz/folder/sHkGyKoQ#WNtu9lzVDBrG5bRzt3qzXw,319.zip
https://mega.nz/folder/amZmWDZQ#NGvAMBDBcf3NS4-3vire5Q,192.zip
https://mega.nz/folder/zvhExLwY#POHVFONshaIO-SWRBQyGvQ,238.zip
https://mega.nz/folder/VbFD0aAK#9bdkjjCYHLXpl_Nezmy7mg,320.zip
https://mega.nz/folder/VflRgAyR#ncT9h9lRia9A3pNq2Ra9Gw,324.zip
https://mega.nz/folder/7Nc1mTAS#SKXz8dtxthuSX4DsmRTNPg,281.zip
https://mega.nz/folder/ps5UzChJ#ZPKR85gqjIXmerNBpRJw4A,194.zip
https://mega.nz/folder/L2YjBRhD#3CgWa1FrwcWcE9PHnNQoXg,205.zip
https://mega.nz/folder/Sv5y0RiJ#cOSu-DkABWJn9rmA0ViqyQ,199.zip
https://mega.nz/folder/SdMkWaqQ#bOhmic6PSR41i_0uxxSfHQ,270.zip
https://mega.nz/folder/LnJS3SDL#KXchnUR9dy39ocXF4zi6HQ,195.zip
https://mega.nz/folder/OrIShCwL#iLsO8yowlryXCiEh-Wjt7Q,218.zip
https://mega.nz/folder/Aw4TyAYK#0lKvA52c6Q1Ftp0V3BwRFA,378.zip
https://mega.nz/folder/vIkHgLBY#4hw_cQBgBwM6MiUvzl6jdA,276.zip
https://mega.nz/folder/K6wgCAaD#UUubeLP1MutNMEnnCi543Q,197.zip
https://mega.nz/folder/br5lUbYA#7PWNfQ2OWBKFRUVK60gh4g,216.zip
https://mega.nz/folder/zZ1EXCJR#3zFbZj6sUJIOstEv-6KzSg,268.zip
https://mega.nz/folder/gtQCmCQD#9xuORFJJoQqMDHu3T-KiCA,339.zip
https://mega.nz/folder/95gF2ChZ#lOiS8D2ykCMLb4oZDd-tFw,340.zip
https://mega.nz/folder/gH8nmRTK#MPWkOuiEK4XXQ2ROA8bvEQ,295.zip
https://mega.nz/folder/gS1kSK5C#9r8aZrZxJiIyZ8m7xRjMAQ,305.zip
https://mega.nz/folder/UkpjVQ7B#L8gjicy6bMF72Y5DsmkLCw,359.zip
https://mega.nz/folder/EDF0QD5A#s3rxWoep5JCIKaO89IbDiA,302.zip
https://mega.nz/folder/Sm5xHbpK#WJiUSlqSEpaDnuaAAIgc_Q,210.zip
https://mega.nz/folder/sooWiKIB#GgQopeBKvMwPFbz9PIH3ug,336.zip
https://mega.nz/folder/WvR1ERyS#hJIbvmXPaPUgNu80qu6JhA,206.zip
https://mega.nz/folder/SIMHWDII#UgOhSH9d5s-o3aWzfUxjfw,279.zip
https://mega.nz/folder/oSlUxCgD#71u4svDOc_UfvG6Gc0-nbg,321.zip
https://mega.nz/folder/EhYnxJDJ#cG4i_lbJ60ULiVCUISnNcw,258.zip
https://mega.nz/folder/JoQxELqb#NLv4_MfiC36ITHISsZDp_g,236.zip
https://mega.nz/folder/H7wHjbKL#IepCBfXyBo0cHnYMuH_JZA,227.zip
https://mega.nz/folder/TvJwUaKQ#rLIvrGc_7cm6-HM83JvmgA,209.zip
https://mega.nz/folder/vZkx0T6a#KJcvT_89AT2bV8KgLD_WrQ,289.zip
https://mega.nz/folder/3M9F0B6R#u5bLFI6JXU-6IHdDTirkOQ,294.zip
https://mega.nz/folder/qNlSlZwK#qDE1kHcbugbdQfCQgfRQHw,291.zip
https://mega.nz/folder/Od92kaBY#cykF4dFihOKhH-FCsymNZw,271.zip
https://mega.nz/folder/GzZDTDqA#q5w8BBCghq__MojFCSfxyw,231.zip
https://mega.nz/folder/ApARnRbL#3T04H1wTHCcxzwb1WfA-ZQ,366.zip
https://mega.nz/folder/sP1zgAyT#5j5bW7Q7lw05Vpq3CwGrGA,332.zip
https://mega.nz/folder/SrBDzT4R#QoN76GtprSdfgHyECQYZFA,265.zip
https://mega.nz/folder/pkARzJzB#mxoePmIjORSBZwxUHDxDLg,243.zip
https://mega.nz/folder/3M9mzSgb#4uBUNCjCtlus7i5UQA33iA,286.zip
https://mega.nz/folder/sthjzYDL#kiv82Sa31LxngnZXtyR46w,234.zip
https://mega.nz/folder/w8QGwaZA#LmVlzioIxwM2se6a2MlrNQ,252.zip
https://mega.nz/folder/ATlXUBBT#hJfaTOtyeGUtrXAyDg8akw,317.zip
https://mega.nz/folder/B0wXzYoK#W7gn0rfh9Qoefx9UXJBEEA,370.zip
https://mega.nz/folder/YtJTzDbZ#fz_LRp6VvAFo_nm_aO_f4A,250.zip
https://mega.nz/folder/NlQ2nASK#C4vzz5OEIA_k7V_FWckJdw,269.zip
https://mega.nz/folder/FDEDma4S#HcMxp6pWqEvAsHFFocS77w,322.zip
https://mega.nz/folder/M5w2iA5A#1TtKdD428uOJ5tESdmSn6g,235.zip
https://mega.nz/folder/hDt01DAD#H2Lmm1VjA5agl2qK-jugOA,299.zip
https://mega.nz/folder/1ghUUATB#i8HgKTc5XrwBO1WLGXHHww,239.zip
https://mega.nz/folder/z0AlCCBI#HH9EIZKf0k3OlEAFNvcWEQ,379.zip
https://mega.nz/folder/qJ0DXTaT#t6r7nwWW6cccsGwBCgiwsw,277.zip
https://mega.nz/folder/sPsURAzK#b-C0QBolPb_DUzr9e3tGLA,318.zip
https://mega.nz/folder/0gAGjLrJ#H6zd8F4EOzM6xF9IfhUT8g,232.zip
https://mega.nz/folder/ZoIyWaIa#N7g1PWJ5ZBuGkhf-rLxcVg,355.zip
https://mega.nz/folder/01ITULhZ#Re5uElY3JZJvsAn1QH3ZZg,253.zip
https://mega.nz/folder/FtI0wZJJ#u_Zg1DY5rrfIjV-Ei09k_A,251.zip
https://mega.nz/folder/xpAVhJiL#DSz353LhBg_yd3Tb3UnNTw,360.zip
https://mega.nz/folder/DR9nSQJI#STR8VA0pN1-myK_iK1rt3A,293.zip
https://mega.nz/folder/k54xUArI#TBHc5Ug-C-LfG_0wh5IrzA,262.zip
https://mega.nz/folder/xX8EyI5Q#c6KE-sOQnuJq-w7UJhKzpg,313.zip
https://mega.nz/folder/wTFkRQJL#v_ENFDzcKz5Rsw2ru9ZjNw,307.zip
https://mega.nz/folder/xfc3lRwb#0je6wx6bIIFHY8V5v_SDUw,306.zip
https://mega.nz/folder/ik5RRJRC#Jjj1yopBgj_BFeX1Vs7T-A,373.zip
https://mega.nz/folder/ReUS0CaZ#40KAiIGvZ00qaZl1GWisuQ,297.zip
https://mega.nz/folder/bYl3XYLK#cU67O1Nubov0bYFIQP5uRg,283.zip
https://mega.nz/folder/uQFylApa#rkjzQvwpRC-9tyDBWIVbDw,272.zip
https://mega.nz/folder/ct53zTZI#89cZEW7XnGVQTG8NKCnjuQ,367.zip
https://mega.nz/folder/WMEDkYxZ#LnVuFjIQ7eugfH49I19a4w,288.zip
https://mega.nz/folder/bAF1xKbD#c9SlqOW2f00lBiLH2BtVcQ,290.zip
https://mega.nz/folder/uM8GGRBQ#j2nWT6JCbwViCc0MMP3DmA,273.zip
https://mega.nz/folder/XJ9HmToJ#Qks2GXfQd39XKBtxg_WOBg,285.zip
https://mega.nz/folder/1gJHhYjR#fwX04DuKnnuNiepy7wNWkA,371.zip
https://mega.nz/folder/nFshhJKS#ftvJofDRTPNGTHkAEeZToQ,274.zip
https://mega.nz/folder/bVMDRQBZ#YTXm52LBeCOaXxDHYjKnEQ,292.zip
https://mega.nz/folder/aJtHCCgS#C7yWfbgnB11pJYQ0Na_WVg,303.zip
https://mega.nz/folder/ULcD1JzA#wSPorIrDHJh_JvRmY8d-5g,301.zip
https://mega.nz/folder/gfNEjLKb#t6Nqd6cWSw90dkQUr6NcPw,312.zip
https://mega.nz/folder/JOFljJCT#muYtaSHmcJYEkWIj_eLvaQ,330.zip
https://mega.nz/folder/loRE0Cya#s2LRYBCBxFoFbcRL5VMJZg,343.zip
https://mega.nz/folder/cl5EACJL#LVSyY1oZgYb1Mc9Yf8kbGg,344.zip
https://mega.nz/folder/AH9iUZJJ#dc7EewwCMfY8HFOr2RcThw,298.zip
https://mega.nz/folder/9thknZDY#f49WZk4TjushqY4BbxEPnw,300.zip
https://mega.nz/folder/lXtylS7Q#YDJx5chDc4vr1ucTQcuY1A,304.zip
https://mega.nz/folder/9xIgBArb#w2FgNRiMGca56-q7cnStLQ,361.zip
https://mega.nz/folder/51I3GIgI#jXs1O_FIoWjB_O74YzoCoQ,342.zip
https://mega.nz/folder/oflQCaaB#o9LxtmvYgdwwg2pDJ12NHg,308.zip
https://mega.nz/folder/JftWQaKQ#YNGTSAFi6n5mKCG45vvOLw,311.zip
https://mega.nz/folder/JX8HzLbB#1J-n1eoD4f0YEQ4ZjzcSeA,329.zip
https://mega.nz/folder/MatEWZRZ#QiGNi6cE3rHqowYY4AfDCA,310.zip
https://mega.nz/folder/ALtjQKgZ#jzPQ-XoofP8mhin5gLANog,314.zip
https://mega.nz/folder/YDMT2JbA#XaVMOYjLL6Nn4grvmVL_bw,315.zip
https://mega.nz/folder/9SMgXDZB#JCBoyP_pFaq_QCP86kbQqA,338.zip
https://mega.nz/folder/df8E1QaJ#k3v4VQxvmQdwnVavggPbJQ,326.zip
https://mega.nz/folder/lCsFDBZA#gDLUw43Is-YNIHfUSitGQQ,327.zip
https://mega.nz/folder/QOtGiIqL#B_ihMoXYz-5ovdCIn6s7Ng,328.zip
https://mega.nz/folder/MScnWYrR#WvHyRkiXIKT0lLiTsNnS9A,331.zip
https://mega.nz/folder/ZOcySQxJ#jZPF7cWtrO2V8YntiOuYIw,334.zip
https://mega.nz/folder/EDEAgLDK#OXSvHbvr78jmkaVyYCpO4Q,335.zip
https://mega.nz/folder/dhhnQARA#CudL5_HS4JOckYVBZg-b6A,365.zip
https://mega.nz/folder/0wBCQCQJ#kbEAVSNewVVEaowa5dXgGA,352.zip
https://mega.nz/folder/1spXlCJY#s0jeGMMV88xP1SJQ8B4YTA,341.zip
https://mega.nz/folder/0xBDDYDJ#pP7fW6nSFkLOOUnjLEN97Q,348.zip
https://mega.nz/folder/w5g0lJiI#lgGPnMxQiSbNby2OBgRTAg,346.zip
https://mega.nz/folder/4oAhxTYL#wJgkfkXz1DACVkvrIzG_DA,358.zip
https://mega.nz/folder/p1BmBD7D#84lggZ2IZjxHkugbMYlHlQ,350.zip
https://mega.nz/folder/Nw4RRJwb#KUbXOTJUxQTF8xwIr9KMbQ,347.zip
https://mega.nz/folder/L9oRzLBC#UsPrJ7fPeZAvRUfrGOyBEA,374.zip
https://mega.nz/folder/d8pS1DwD#fKKk59U7-HRig5Z9JE-XSA,349.zip
https://mega.nz/folder/IhYhkarQ#51SPqVESKhCEMr-3I4K_Ng,372.zip
https://mega.nz/folder/YpwmRL5K#gGurpIHxym3fIr1EBXLjGw,364.zip
https://mega.nz/folder/5wwzDIzI#svRh9cjyb2X0dCZMyk-PLQ,369.zip
https://mega.nz/folder/SpQTiTDA#CksaEmcgSuTuNRiN4Irebw,377.zip
https://mega.nz/folder/L1xGwTBK#C26kjWNgw8lYWM84aD5Q4A,380.zip
