SY_BLOG;None
https://salvageyarddrone.wordpress.com/2024/04/14/lincoln-truck-auto-parts/;1
https://salvageyarddrone.wordpress.com/2024/04/15/auto-truck-salvage-and-parts/;1
https://salvageyarddrone.wordpress.com/2024/04/15/auto-truck-salvage-parts/;1
https://salvageyarddrone.wordpress.com/2024/04/15/dependable-auto-parts/;1
https://salvageyarddrone.wordpress.com/2024/04/15/jacks-auto-ranch/;1
https://salvageyarddrone.wordpress.com/2024/04/15/morrisons-auto-parts-milton/;1
https://salvageyarddrone.wordpress.com/2024/04/16/00411140731008/;1
https://salvageyarddrone.wordpress.com/2024/04/16/all-auto-acres-inc/;1
https://salvageyarddrone.wordpress.com/2024/04/16/edwards-used-auto-parts/;1
https://salvageyarddrone.wordpress.com/2024/04/16/morrisons-auto-parts-edgerton/;1
https://salvageyarddrone.wordpress.com/2024/04/16/newville-auto-salvage-inc/;1
https://salvageyarddrone.wordpress.com/2024/04/16/revermanns-garage/;1
https://salvageyarddrone.wordpress.com/2024/04/16/wallys-auto/;1
https://salvageyarddrone.wordpress.com/2024/04/16/y-yard-auto-truck/;1
https://salvageyarddrone.wordpress.com/2024/04/17/0121200008/;1
https://salvageyarddrone.wordpress.com/2024/04/17/1536100012/;1
https://salvageyarddrone.wordpress.com/2024/04/17/complete-auto-repair-inc/;1
https://salvageyarddrone.wordpress.com/2024/04/17/dales-auto-salvage-wrecker/;1
https://salvageyarddrone.wordpress.com/2024/04/17/fosters-new-used-auto-parts/;1
https://salvageyarddrone.wordpress.com/2024/04/17/la-grange-salvage/;1
https://salvageyarddrone.wordpress.com/2024/04/17/mcdermott-sales-service/;1
https://salvageyarddrone.wordpress.com/2024/04/18/aenon-auto-recycling-parts/;1
https://salvageyarddrone.wordpress.com/2024/04/18/all-state-auto-salvage/;1
https://salvageyarddrone.wordpress.com/2024/04/18/all-things-automotive/;1
https://salvageyarddrone.wordpress.com/2024/04/18/cookeville-auto-salvage-llc/;1
https://salvageyarddrone.wordpress.com/2024/04/18/neelys-bend-auto-parts-sale/;1
https://salvageyarddrone.wordpress.com/2024/04/19/053-00-00-019-03/;1
https://salvageyarddrone.wordpress.com/2024/04/19/479-autos/;1
https://salvageyarddrone.wordpress.com/2024/04/19/aguileras-auto-sales-salvage/;1
https://salvageyarddrone.wordpress.com/2024/04/19/barren-county-auto-salvage-used-cars/;1
https://salvageyarddrone.wordpress.com/2024/04/19/barryd-treasure-auto-salvage/;1
https://salvageyarddrone.wordpress.com/2024/04/19/cliftons-auto-salvage/;1
https://salvageyarddrone.wordpress.com/2024/04/19/copart-fayetteville/;1
https://salvageyarddrone.wordpress.com/2024/04/19/fowler-brothers-auto-salvage/;1
https://salvageyarddrone.wordpress.com/2024/04/19/hilltop-auto-wrecking/;1
https://salvageyarddrone.wordpress.com/2024/04/19/iaa-fayetteville/;1
https://salvageyarddrone.wordpress.com/2024/04/19/joes-truck-and-auto/;1
https://salvageyarddrone.wordpress.com/2024/04/19/junk-yard-dog/;1
https://salvageyarddrone.wordpress.com/2024/04/19/martins-salvage/;1
https://salvageyarddrone.wordpress.com/2024/04/19/mikes-used-cars-auto-parts/;1
https://salvageyarddrone.wordpress.com/2024/04/19/nwa-u-pull-it-auto-parts/;1
https://salvageyarddrone.wordpress.com/2024/04/19/poore-truck-auto-salvage/;1
https://salvageyarddrone.wordpress.com/2024/04/19/r-s-auto-parts/;1
https://salvageyarddrone.wordpress.com/2024/04/19/roberts-parts-u-pick/;1
https://salvageyarddrone.wordpress.com/2024/04/19/roberts-salvage-inc/;1
https://salvageyarddrone.wordpress.com/2024/04/19/schmidts-auto-inc-salvage-yard/;1
https://salvageyarddrone.wordpress.com/2024/04/20/elderon-truck-equipment/;1
https://salvageyarddrone.wordpress.com/2024/04/20/tomahawk-iron-metal/;1
https://salvageyarddrone.wordpress.com/2024/04/20/zebs-auto-salvage/;1
https://salvageyarddrone.wordpress.com/2024/04/21/vance-enterprises-inc/;1
https://salvageyarddrone.wordpress.com/2024/04/21/walkers-auto-ranch-salvage-llc/;1
https://salvageyarddrone.wordpress.com/2024/04/22/hayward-auto-salvage/;1
https://salvageyarddrone.wordpress.com/2024/04/22/roys-enterprises/;1
https://salvageyarddrone.wordpress.com/2024/04/23/gibson-iron-metal-inc/;1
https://salvageyarddrone.wordpress.com/2024/04/23/righty-tighty-auto-repair/;1
https://salvageyarddrone.wordpress.com/2024/04/23/sharp-auto-parts/;1
https://salvageyarddrone.wordpress.com/2024/04/24/montys-auto-salvage/;1
https://salvageyarddrone.wordpress.com/2024/04/25/auto-salvage-of-paducah/;1
https://salvageyarddrone.wordpress.com/2024/04/25/discount-towing-recovery/;1
https://salvageyarddrone.wordpress.com/2024/04/25/l-s-auto-salesllc/;1
https://salvageyarddrone.wordpress.com/2024/04/26/023-20-00-060/;1
https://salvageyarddrone.wordpress.com/2024/04/26/jerrell-auto-sales-salvage/;1
https://salvageyarddrone.wordpress.com/2024/04/27/kesslers-auto-salvage/;1
https://salvageyarddrone.wordpress.com/2024/04/28/hawkins-of-mayfield/;1
https://salvageyarddrone.wordpress.com/2024/04/30/greens-used-cars/;1
https://salvageyarddrone.wordpress.com/2024/05/01/008-0000-0000000-000-0-181910-00-140a/;1
https://salvageyarddrone.wordpress.com/2024/05/02/chilton-wrecking/;1
https://salvageyarddrone.wordpress.com/2024/05/03/key-auto-parts/;1
https://salvageyarddrone.wordpress.com/2024/05/03/west-kentucky-surplus/;1
https://salvageyarddrone.wordpress.com/2024/05/04/duke-riley-truck-salvage/;1
https://salvageyarddrone.wordpress.com/2024/05/06/3916-us-641-murray-ky-42071/;1
https://salvageyarddrone.wordpress.com/2024/05/07/3-6-21-8/;1
https://salvageyarddrone.wordpress.com/2024/05/07/hi-way-210-auto-parts/;1
https://salvageyarddrone.wordpress.com/2024/05/08/beyond-repair-auto-salvage/;1
https://salvageyarddrone.wordpress.com/2024/05/09/richs-auto-salvage/;1
https://salvageyarddrone.wordpress.com/2024/05/10/275-0010-01260/;1
https://salvageyarddrone.wordpress.com/2024/05/10/marks-salvage-recycling/;1
https://salvageyarddrone.wordpress.com/2024/05/12/04-048-2-48-08-28-3-04-000-40000/;1
https://salvageyarddrone.wordpress.com/2024/05/15/060083800/;1
https://salvageyarddrone.wordpress.com/2024/05/15/exum-auto-salvage/;1
https://salvageyarddrone.wordpress.com/2024/05/16/hillside-auto-salvage-repair/;1
https://salvageyarddrone.wordpress.com/2024/05/17/dji_0568-jpg/;1
https://salvageyarddrone.wordpress.com/2024/05/18/henson-waste-metal-recycling/;1
https://salvageyarddrone.wordpress.com/2024/05/18/schmidts-new-london-auto-salvage/;1
https://salvageyarddrone.wordpress.com/2024/05/18/singletons-tire-service/;1
https://salvageyarddrone.wordpress.com/2024/05/18/way-out-salvage/;1
https://salvageyarddrone.wordpress.com/2024/05/22/graveyard-auto-towing/;1
https://salvageyarddrone.wordpress.com/2024/05/23/02-02-42-6/;1
https://salvageyarddrone.wordpress.com/2024/05/23/04-024-2-47-08-07-2-00-288-17100/;1
https://salvageyarddrone.wordpress.com/2024/05/23/new-london-auto-recyclers/;1
https://salvageyarddrone.wordpress.com/2024/05/24/001-09361-001/;1
https://salvageyarddrone.wordpress.com/2024/05/24/dji_0048-jpg/;1
https://salvageyarddrone.wordpress.com/2024/05/26/morrison-auto-sales-salvage/;1
https://salvageyarddrone.wordpress.com/2024/05/28/65-034-2-39-12-13-2-03-000-002000/;1
https://salvageyarddrone.wordpress.com/2024/06/04/cousineau-recycling/;1
https://salvageyarddrone.wordpress.com/2024/06/05/lawrence-auto-body-salvage/;1
https://salvageyarddrone.wordpress.com/2024/06/05/niks-auto-parts-inc/;1
https://salvageyarddrone.wordpress.com/2024/06/06/smittys-salvage-supply-inc/;1
https://salvageyarddrone.wordpress.com/2024/06/07/euhardys-sales-services/;1
https://salvageyarddrone.wordpress.com/2024/06/09/highway-truck-parts-ltd/;1
https://salvageyarddrone.wordpress.com/2024/06/12/speedway-recyclers/;1
https://salvageyarddrone.wordpress.com/2024/06/13/sunset-curve-auto-parts-sales-inc/;1
https://salvageyarddrone.wordpress.com/2024/06/15/norbs-auto-salvage/;1
https://salvageyarddrone.wordpress.com/2024/06/17/als-auto-salvage/;1
https://salvageyarddrone.wordpress.com/2024/06/20/siegel-auto-recycling/;1
https://salvageyarddrone.wordpress.com/2024/06/21/c-w-auto-inc/;1
https://salvageyarddrone.wordpress.com/2024/06/22/mommaerts-auto-inc/;1
https://salvageyarddrone.wordpress.com/2024/06/23/stanley-truck-sales-wrecking/;1
https://salvageyarddrone.wordpress.com/2024/06/24/jims-foreign-car-services/;1
https://salvageyarddrone.wordpress.com/2024/06/28/dettmans-auto-salvage/;1
https://salvageyarddrone.wordpress.com/2024/06/29/cousineau-auto-parts-inc/;1
https://salvageyarddrone.wordpress.com/2024/06/30/lane-road-auto-salvage-sales-inc/;1
https://salvageyarddrone.wordpress.com/2024/07/02/dans-parts-and-equipment/;1
https://salvageyarddrone.wordpress.com/2024/07/03/theimers-auto-salvage/;1
https://salvageyarddrone.wordpress.com/2024/07/06/062-0653-000/;1
https://salvageyarddrone.wordpress.com/2024/07/12/steves-auto/;1
https://salvageyarddrone.wordpress.com/2024/07/13/oak-leaf-auto-salvage-llc/;1
https://salvageyarddrone.wordpress.com/2024/07/14/tisler-salvage-inc-revisit/;1
https://salvageyarddrone.wordpress.com/2024/07/22/strandbergs-auto/;1
https://salvageyarddrone.wordpress.com/2024/07/23/bartleys-sales-service/;1
https://salvageyarddrone.wordpress.com/2024/07/27/am0020051000/;1
https://salvageyarddrone.wordpress.com/2024/07/27/bee-line-auto-parts-services/;1
https://salvageyarddrone.wordpress.com/2024/07/27/la0180059100/;1
https://salvageyarddrone.wordpress.com/2024/07/30/badger-motors-auto-salvage-inc/;1
https://salvageyarddrone.wordpress.com/2024/08/02/054-0031-000/;1
https://salvageyarddrone.wordpress.com/2024/08/02/geiger-scrap-and-salvage/;1
https://salvageyarddrone.wordpress.com/2024/08/03/lima-auto-repair-llc/;1
https://salvageyarddrone.wordpress.com/2024/08/05/cleveland-auto-sales-salvage/;1
https://salvageyarddrone.wordpress.com/2024/08/08/024-00561-0000/;1
https://salvageyarddrone.wordpress.com/2024/08/08/arrow-auto-inc/;1
https://salvageyarddrone.wordpress.com/2024/08/09/044003190000/;1
https://salvageyarddrone.wordpress.com/2024/08/09/k-h-auto-sales/;1
https://salvageyarddrone.wordpress.com/2024/08/10/georges-auto-truck-salvage/;1
https://salvageyarddrone.wordpress.com/2024/08/14/akright-auto-parts/;1
https://salvageyarddrone.wordpress.com/2024/08/14/toms-n-thorp/;1
https://salvageyarddrone.wordpress.com/2024/08/16/dm-automotive/;1
https://salvageyarddrone.wordpress.com/2024/08/16/new-richmond-auto-salvage/;1
https://salvageyarddrone.wordpress.com/2024/08/19/fox-valley-iron-metal-inc/;1
https://salvageyarddrone.wordpress.com/2024/08/21/schilling-auto-salvage-and-recycling-llc/;1
https://salvageyarddrone.wordpress.com/2024/08/21/valley-truck-salvage/;1
https://salvageyarddrone.wordpress.com/2024/08/22/59016211190/;1
https://salvageyarddrone.wordpress.com/2024/08/23/kopke-auto-salvage/;1
https://salvageyarddrone.wordpress.com/2024/08/24/shaws-wrecking-yard-llc/;1
https://salvageyarddrone.wordpress.com/2024/08/25/midway-auto/;1
https://salvageyarddrone.wordpress.com/2024/08/27/amery-auto-salvage/;1
https://salvageyarddrone.wordpress.com/2024/08/30/eder-brothers/;1
https://salvageyarddrone.wordpress.com/2024/08/30/fjorden-auto-parts/;1
https://salvageyarddrone.wordpress.com/2024/08/31/automotive-associates/;1
https://salvageyarddrone.wordpress.com/2024/09/01/018220706-08-10/;1
https://salvageyarddrone.wordpress.com/2024/09/03/chesney-auto-salvage/;1
https://salvageyarddrone.wordpress.com/2024/09/05/breezy-acres/;1
https://salvageyarddrone.wordpress.com/2024/09/05/tjs-auto/;1
https://salvageyarddrone.wordpress.com/2024/09/06/bay-auto-parts-inc/;1
https://salvageyarddrone.wordpress.com/2024/09/13/j-t-auto-salvage/;1
https://salvageyarddrone.wordpress.com/2024/09/13/rhine-auto-inc/;1
https://salvageyarddrone.wordpress.com/2024/09/13/siegel-auto-recycling-llc/;1
https://salvageyarddrone.wordpress.com/2024/09/16/interstate-auto-electric/;1
https://salvageyarddrone.wordpress.com/2024/09/17/auto-truck-van-salvage/;1
https://salvageyarddrone.wordpress.com/2024/09/20/crosbys-heavy-duty-wrecker-service/;1
https://salvageyarddrone.wordpress.com/2024/09/20/st-croix-auto-parts-inc/;1
https://salvageyarddrone.wordpress.com/2024/09/28/joes-auto-sales/;1
https://salvageyarddrone.wordpress.com/2024/10/01/030220021000/;1
https://salvageyarddrone.wordpress.com/2024/10/01/aaa-auto-parts-u-pull-r-parts/;1
https://salvageyarddrone.wordpress.com/2024/10/04/adamark-repair-llc/;1
https://salvageyarddrone.wordpress.com/2024/10/06/bloomer-truck-auto/;1
https://salvageyarddrone.wordpress.com/2024/10/06/reubens-sales/;1
https://salvageyarddrone.wordpress.com/2024/10/06/third-gen-salvage-llc/;1
https://salvageyarddrone.wordpress.com/2024/10/06/vans-auto-salvage/;1
https://salvageyarddrone.wordpress.com/2024/10/11/bobs-auto-salvage/;1
https://salvageyarddrone.wordpress.com/2024/10/11/goddards-auto-body-towing/;1
https://salvageyarddrone.wordpress.com/2024/10/11/harrison-auto-salvage-inc/;1
https://salvageyarddrone.wordpress.com/2024/10/11/tennison-auto-sales-and-salvage/;1
https://salvageyarddrone.wordpress.com/2024/10/14/028-01344-0100/;1
https://salvageyarddrone.wordpress.com/2024/10/14/03-11-42-4/;1
https://salvageyarddrone.wordpress.com/2024/10/14/scrap-happy-recycling/;1
https://salvageyarddrone.wordpress.com/2024/10/14/tomlinsons-inc/;1
https://salvageyarddrone.wordpress.com/2024/10/14/warga-auto-and-truck-center/;1
https://salvageyarddrone.wordpress.com/2024/10/16/lkq-viking-auto-salvage/;1
https://salvageyarddrone.wordpress.com/2024/10/17/metro-auto-salvage-inc/;1
https://salvageyarddrone.wordpress.com/2024/10/18/cooleys-truck-auto-wrecking/;1
https://salvageyarddrone.wordpress.com/2024/10/19/iaa-des-moines/;1
https://salvageyarddrone.wordpress.com/2024/10/21/meckleys-parts-services/;1
https://salvageyarddrone.wordpress.com/2024/10/22/hawkeye-auto-salvage/;1
https://salvageyarddrone.wordpress.com/2024/10/23/wrench-n-go/;1
https://salvageyarddrone.wordpress.com/2024/10/24/car-country-inc/;1
https://salvageyarddrone.wordpress.com/2024/10/25/jerrys-auto/;1
https://salvageyarddrone.wordpress.com/2024/10/26/a-b-salvage/;1
https://salvageyarddrone.wordpress.com/2024/10/27/copart-des-moines/;1
https://salvageyarddrone.wordpress.com/2024/10/29/perry-salvage/;1
https://salvageyarddrone.wordpress.com/2024/10/30/billys-sales-salvage/;1
https://salvageyarddrone.wordpress.com/2024/10/31/cooters-recycling/;1
https://salvageyarddrone.wordpress.com/2024/11/01/midwestern-equipment/;1
https://salvageyarddrone.wordpress.com/2024/11/01/watts-repair-salvage-auto-sales/;1
https://salvageyarddrone.wordpress.com/2024/11/02/yaws-auto-salvage/;1
https://salvageyarddrone.wordpress.com/2024/11/03/jack-bucklin-auto-parts/;1
https://salvageyarddrone.wordpress.com/2024/11/04/u-pull-it/;1
https://salvageyarddrone.wordpress.com/2024/11/05/0834400003-0834400004/;1
https://salvageyarddrone.wordpress.com/2024/11/06/gary-smuck-automotive/;1
https://salvageyarddrone.wordpress.com/2024/11/06/meyers-auto-parts/;1
https://salvageyarddrone.wordpress.com/2024/11/07/sams-riverside-trucks-parts/;1
https://salvageyarddrone.wordpress.com/2024/11/08/denton-auto-salvage-inc/;1
https://salvageyarddrone.wordpress.com/2024/11/08/denton-auto-salvage/;1
https://salvageyarddrone.wordpress.com/2024/11/09/0000234011/;1
https://salvageyarddrone.wordpress.com/2024/11/10/silas-enterprises/;1
https://salvageyarddrone.wordpress.com/2024/11/12/crow-tow/;1
https://salvageyarddrone.wordpress.com/2024/11/12/embree-ag-repair/;1
https://salvageyarddrone.wordpress.com/2024/11/12/sitzman-repair-auto-inc/;1
https://salvageyarddrone.wordpress.com/2024/11/14/0141800000007000/;1
https://salvageyarddrone.wordpress.com/2024/11/14/colfax-tractor-combine-parts/;1
https://salvageyarddrone.wordpress.com/2024/11/14/mikes-equipment/;1
https://salvageyarddrone.wordpress.com/2024/11/15/dougs-4-wheelers/;1
https://salvageyarddrone.wordpress.com/2024/11/15/j-dog-salvage/;1
https://salvageyarddrone.wordpress.com/2024/11/16/281-auto-salvage/;1
https://salvageyarddrone.wordpress.com/2024/11/16/nobodys-auto-recycling/;1
https://salvageyarddrone.wordpress.com/2024/11/17/a-a-auto-and-truck-parts/;1
https://salvageyarddrone.wordpress.com/2024/11/19/057-36-0-00-02-004-00-0/;1
https://salvageyarddrone.wordpress.com/2024/11/19/1358400000/;1
https://salvageyarddrone.wordpress.com/2024/11/20/heartland-recovery/;1
https://salvageyarddrone.wordpress.com/2024/11/21/sandlian-iron-and-metal-auto-salvage/;1
https://salvageyarddrone.wordpress.com/2024/11/22/holton-america-salvage/;1
https://salvageyarddrone.wordpress.com/2024/11/23/air-capitol-salvage/;1
https://salvageyarddrone.wordpress.com/2024/11/24/pifers-auto-salvage/;1
https://salvageyarddrone.wordpress.com/2024/11/25/charlie-heath-west-40-salvage/;1
https://salvageyarddrone.wordpress.com/2024/11/26/broadway-truck-auto/;1
https://salvageyarddrone.wordpress.com/2024/11/27/johns-muscle-cars-classic-auto/;1
https://salvageyarddrone.wordpress.com/2024/11/28/670004968/;1
https://salvageyarddrone.wordpress.com/2024/11/28/central-kansas-salvage/;1
https://salvageyarddrone.wordpress.com/2024/11/28/st-louis-salvage/;1
https://salvageyarddrone.wordpress.com/2024/11/29/shady-nook-auto-parts/;1
https://salvageyarddrone.wordpress.com/2024/11/29/shady-nook-imports-honda-auto-parts/;1
https://salvageyarddrone.wordpress.com/2024/12/01/affordable-auto-salvage/;1
https://salvageyarddrone.wordpress.com/2024/12/02/100000019101110000/;1
https://salvageyarddrone.wordpress.com/2024/12/02/a-a-auto-and-truck-parts-2/;1
https://salvageyarddrone.wordpress.com/2024/12/03/franks-garage-auto-sales/;1
https://salvageyarddrone.wordpress.com/2024/12/04/copart-oklahoma-city/;1
https://salvageyarddrone.wordpress.com/2024/12/04/crossroads-collision/;1
https://salvageyarddrone.wordpress.com/2024/12/04/locos-gringos-pickn-pull/;1
https://salvageyarddrone.wordpress.com/2024/12/06/003435000/;1
https://salvageyarddrone.wordpress.com/2024/12/07/arrow-wrecker-service/;1
https://salvageyarddrone.wordpress.com/2024/12/08/a-z-auto-parts-auto-sales-b-b-auto-parts-salvage/;1
https://salvageyarddrone.wordpress.com/2024/12/08/george-w-smith-wrecker-salvage-city/;1
https://salvageyarddrone.wordpress.com/2024/12/09/0001255607/;1
https://salvageyarddrone.wordpress.com/2024/12/09/corrells-auto/;1
https://salvageyarddrone.wordpress.com/2024/12/09/heinen-salvage/;1
https://salvageyarddrone.wordpress.com/2024/12/09/legends-auto/;1
https://salvageyarddrone.wordpress.com/2024/12/09/western-wisconsin-auto-auction/;1
https://salvageyarddrone.wordpress.com/2024/12/11/1251600000001000/;1
https://salvageyarddrone.wordpress.com/2024/12/11/1330804001003010/;1
https://salvageyarddrone.wordpress.com/2024/12/11/1341702017002000/;1
https://salvageyarddrone.wordpress.com/2024/12/12/630002004/;1
https://salvageyarddrone.wordpress.com/2024/12/13/t-n-auto/;1
https://salvageyarddrone.wordpress.com/2024/12/14/0000-34-010-003-0-021-00/;1
https://salvageyarddrone.wordpress.com/2024/12/15/davidson-motor-company-auto-salvage/;1
https://salvageyarddrone.wordpress.com/2024/12/15/horns-salvage-llc/;1
https://salvageyarddrone.wordpress.com/2024/12/16/d-v-salvage/;1
https://salvageyarddrone.wordpress.com/2024/12/17/pull-a-part-auto-parts-yard/;1
https://salvageyarddrone.wordpress.com/2024/12/19/001-14411-002/;1
https://salvageyarddrone.wordpress.com/2024/12/19/1251501001003000/;1
https://salvageyarddrone.wordpress.com/2024/12/19/auto-recyclers-of-kansas/;1
https://salvageyarddrone.wordpress.com/2024/12/19/robs-garage/;1
https://salvageyarddrone.wordpress.com/2024/12/19/smith-auto-inc/;1
https://salvageyarddrone.wordpress.com/2024/12/20/classic-chevy-connection/;1
https://salvageyarddrone.wordpress.com/2024/12/21/payless-auto-salvage/;1
https://salvageyarddrone.wordpress.com/2024/12/24/auburn-auto-parts-cars/;1
https://salvageyarddrone.wordpress.com/2024/12/25/palmer-truck-trailer-repair/;1
https://salvageyarddrone.wordpress.com/2024/12/26/bramblett-auto-parts-soapes-you-pull-it/;1
https://salvageyarddrone.wordpress.com/2024/12/27/wells-garage-salvage/;1
https://salvageyarddrone.wordpress.com/2024/12/28/stauffer-ag-repair/;1
https://salvageyarddrone.wordpress.com/2024/12/29/0000-34-008-005-3-086-00/;1
https://salvageyarddrone.wordpress.com/2024/12/29/1330604004001000/;1
https://salvageyarddrone.wordpress.com/2024/12/29/cheryl-ralphs-storage/;1
https://salvageyarddrone.wordpress.com/2024/12/31/auto-parts-el-mexicano/;1
https://salvageyarddrone.wordpress.com/2025/01/01/28527/;1
https://salvageyarddrone.wordpress.com/2025/01/02/630004825/;1
https://salvageyarddrone.wordpress.com/2025/01/02/kennys-auto-body-used-cars/;1
https://salvageyarddrone.wordpress.com/2025/01/03/am-truck-repair/;1
https://salvageyarddrone.wordpress.com/2025/01/03/andys-u-pull-it-2/;1
https://salvageyarddrone.wordpress.com/2025/01/03/jones-enterprises-repair-inc/;1
https://salvageyarddrone.wordpress.com/2025/01/04/0700121000000006000/;1
https://salvageyarddrone.wordpress.com/2025/01/04/50-016-4-36-02-18-2-02-000-10000/;1
https://salvageyarddrone.wordpress.com/2025/01/04/fosters-inc/;1
https://salvageyarddrone.wordpress.com/2025/01/04/last-outpost-llc/;1
https://salvageyarddrone.wordpress.com/2025/01/05/rodriguez-automotive/;1
https://salvageyarddrone.wordpress.com/2025/01/06/cameron-auto-sales-salvage/;1
https://salvageyarddrone.wordpress.com/2025/01/07/kilgore-muffler/;1
https://salvageyarddrone.wordpress.com/2025/01/10/myers-auto-salvage/;1
https://salvageyarddrone.wordpress.com/2025/01/11/warford-auto-wreckers/;1
https://salvageyarddrone.wordpress.com/2025/01/12/0831300006/;1
https://salvageyarddrone.wordpress.com/2025/01/14/uapi-auto-parts/;1
https://salvageyarddrone.wordpress.com/2025/01/16/eds-126-auto-parts/;1
https://salvageyarddrone.wordpress.com/2025/01/17/macspeed-towing/;1
https://salvageyarddrone.wordpress.com/2025/01/17/mckelveys-mustangs-parts/;1
https://salvageyarddrone.wordpress.com/2025/01/18/canton-auto-salvage/;1
https://salvageyarddrone.wordpress.com/2025/01/19/aero-auto-salvage/;1
https://salvageyarddrone.wordpress.com/2025/01/20/usa-metals-auto-parts/;1
https://salvageyarddrone.wordpress.com/2025/01/21/sams-auto-salvage/;1
https://salvageyarddrone.wordpress.com/2025/01/22/petes-auto-salvage/;1
https://salvageyarddrone.wordpress.com/2025/01/23/fenix-parts/;1
https://salvageyarddrone.wordpress.com/2025/01/24/spaulding-auto-salvage/;1
https://salvageyarddrone.wordpress.com/2025/01/25/south-texas-muscle-classics/;1
https://salvageyarddrone.wordpress.com/2025/01/26/180885004700000000/;1
https://salvageyarddrone.wordpress.com/2025/01/26/j-b-auto-parts/;1
https://salvageyarddrone.wordpress.com/2025/01/26/rials-towing/;1
https://salvageyarddrone.wordpress.com/2025/01/26/wicho-auto-parts/;1
https://salvageyarddrone.wordpress.com/2025/01/28/furay-automotive-llc/;1
https://salvageyarddrone.wordpress.com/2025/01/29/dixie-used-auto-parts/;1
https://salvageyarddrone.wordpress.com/2025/02/01/affordable-used-auto-parts/;1
https://salvageyarddrone.wordpress.com/2025/02/05/dans-used-auto-parts/;1
https://salvageyarddrone.wordpress.com/2025/02/07/rcs-auto-recyclers/;1
https://salvageyarddrone.wordpress.com/2025/02/12/all-foreign-auto-j-r-s-used-auto-parts/;1
https://salvageyarddrone.wordpress.com/2025/02/13/aj-auto-parts/;1
https://salvageyarddrone.wordpress.com/2025/02/13/tonys-classic-auto-parts/;1
https://salvageyarddrone.wordpress.com/2025/02/14/tex-mex-auto-truck-parts/;1
https://salvageyarddrone.wordpress.com/2025/02/15/apache-auto-parts/;1
https://salvageyarddrone.wordpress.com/2025/02/18/frontier-tractor-parts/;1
https://salvageyarddrone.wordpress.com/2025/02/19/green-auto-parts/;1
https://salvageyarddrone.wordpress.com/2025/02/21/bellaire-used-auto-parts-g-g-used-auto-parts/;1
https://salvageyarddrone.wordpress.com/2025/02/27/southern-auto-parts/;1
https://salvageyarddrone.wordpress.com/2025/02/28/490022731/;1
https://salvageyarddrone.wordpress.com/2025/02/28/640030114/;1
https://salvageyarddrone.wordpress.com/2025/02/28/alexs-body-shop/;1
https://salvageyarddrone.wordpress.com/2025/02/28/brown-sons-towing-and-recovery-inc/;1
https://salvageyarddrone.wordpress.com/2025/02/28/dg-auto-salvage/;1
https://salvageyarddrone.wordpress.com/2025/02/28/la-pasa-dita-auto-sales/;1
https://salvageyarddrone.wordpress.com/2025/02/28/noto-expert-auto-service/;1
https://salvageyarddrone.wordpress.com/2025/03/02/georges-garage-mi-raza/;1
https://salvageyarddrone.wordpress.com/2025/03/02/star-used-auto-parts-uni-wide-used-auto-parts/;1
https://salvageyarddrone.wordpress.com/2025/03/03/old-richmond-auto-parts/;1
https://salvageyarddrone.wordpress.com/2025/03/04/metro-investigation-recovery/;1
https://salvageyarddrone.wordpress.com/2025/03/04/pick-your-part-houston-northville/;1
https://salvageyarddrone.wordpress.com/2025/03/06/482015308001028/;1
https://salvageyarddrone.wordpress.com/2025/03/07/0850821004001004000/;1
https://salvageyarddrone.wordpress.com/2025/03/07/all-american-auto-salvage-houston-auto-recyclers/;1
https://salvageyarddrone.wordpress.com/2025/03/09/482012224012001/;1
https://salvageyarddrone.wordpress.com/2025/03/11/8400-wi-77-danbury-wi-54830/;1
https://salvageyarddrone.wordpress.com/2025/03/11/iaa-longview/;1
https://salvageyarddrone.wordpress.com/2025/03/11/iaa-paducah/;1
https://salvageyarddrone.wordpress.com/2025/03/12/will-hall-motor-co/;1
https://salvageyarddrone.wordpress.com/2025/03/15/bronco-truck-salvage/;1
https://salvageyarddrone.wordpress.com/2025/03/17/marquez-auto-sales/;1
https://salvageyarddrone.wordpress.com/2025/03/19/body-colors-collision-repair-mn-auto-sales/;1
https://salvageyarddrone.wordpress.com/2025/03/19/european-concepts/;1
https://salvageyarddrone.wordpress.com/2025/03/19/homestead-auto-salvage/;1
https://salvageyarddrone.wordpress.com/2025/03/20/lonestar-imports/;1
https://salvageyarddrone.wordpress.com/2025/03/21/pinemont-auto-salvage-inc/;1
https://salvageyarddrone.wordpress.com/2025/03/24/red-river-parts-equipment-co-inc/;1
https://salvageyarddrone.wordpress.com/2025/03/25/memphis-equipment-co/;1
https://salvageyarddrone.wordpress.com/2025/03/26/big-cat-auto-salvage-celaya-auto-sales-inc/;1
https://salvageyarddrone.wordpress.com/2025/03/27/miller-towing-and-salvage-inc/;1
https://salvageyarddrone.wordpress.com/2025/03/28/95-trotter-dr-marion-ar-72364/;1
https://salvageyarddrone.wordpress.com/2025/03/29/sunset-beach-auto-salvage/;1
https://salvageyarddrone.wordpress.com/2025/03/30/043-105-15-0-00-00-004-00-0/;1
https://salvageyarddrone.wordpress.com/2025/03/31/lkq-pick-your-part-southeast-llc/;1
https://salvageyarddrone.wordpress.com/2025/03/31/uapi-u-pull-it-auto-parts/;1
https://salvageyarddrone.wordpress.com/2025/04/01/1-00000-0560-00-007020/;1
https://salvageyarddrone.wordpress.com/2025/04/01/3-sons-auto-salvage/;1
https://salvageyarddrone.wordpress.com/2025/04/01/auto-salvage-co/;1
https://salvageyarddrone.wordpress.com/2025/04/01/bbs-truck/;1
https://salvageyarddrone.wordpress.com/2025/04/03/cosmo-auto-parts-gigante-auto-parts/;1
https://salvageyarddrone.wordpress.com/2025/04/03/overstreet-wrecker-services/;1
https://salvageyarddrone.wordpress.com/2025/04/03/scott-street-auto-parts-inc/;1
https://salvageyarddrone.wordpress.com/2025/04/06/rowleys-garage-inc/;1
https://salvageyarddrone.wordpress.com/2025/04/06/rowleys-garage-salvage-yard/;1
https://salvageyarddrone.wordpress.com/2025/04/07/akin-auto-salvage/;1
https://salvageyarddrone.wordpress.com/2025/04/07/mechanic-on-duty/;1
https://salvageyarddrone.wordpress.com/2025/04/09/085093050200100200001/;1
https://salvageyarddrone.wordpress.com/2025/04/09/1341801001004000/;1
https://salvageyarddrone.wordpress.com/2025/04/09/490022227/;1
https://salvageyarddrone.wordpress.com/2025/04/09/ligori-auto-wrecking/;1
https://salvageyarddrone.wordpress.com/2025/04/09/merrels-garage/;1
https://salvageyarddrone.wordpress.com/2025/04/09/the-533-truck-parts-service/;1
https://salvageyarddrone.wordpress.com/2025/04/10/shelby-sons/;1
https://salvageyarddrone.wordpress.com/2025/04/15/dannys-imports/;1
https://salvageyarddrone.wordpress.com/2025/04/16/whitington-trucks-inc/;1
https://salvageyarddrone.wordpress.com/2025/04/25/als-auto-salvage-2/;1
https://salvageyarddrone.wordpress.com/2025/05/02/hometown-repair-machine/;1
https://salvageyarddrone.wordpress.com/2025/05/05/bubbas-auto-salvage-machine/;1
https://salvageyarddrone.wordpress.com/2025/05/09/ar-towing/;1
https://salvageyarddrone.wordpress.com/2025/05/09/big-texas-auto-parts/;1
https://salvageyarddrone.wordpress.com/2025/05/09/don-dens-sales-inc/;1
https://salvageyarddrone.wordpress.com/2025/05/09/longview-body-paint/;1
https://salvageyarddrone.wordpress.com/2025/05/11/0001244700/;1
https://salvageyarddrone.wordpress.com/2025/05/11/andys-auto-recycling/;1
https://salvageyarddrone.wordpress.com/2025/05/14/jims-auto-inc/;1
https://salvageyarddrone.wordpress.com/2025/05/26/29-5310-16210/;1
https://salvageyarddrone.wordpress.com/2025/05/30/03235050529993/;1
https://salvageyarddrone.wordpress.com/2025/05/30/035009000/;1
https://salvageyarddrone.wordpress.com/2025/05/30/07-30-31/;1
https://salvageyarddrone.wordpress.com/2025/05/30/191530053001013/;1
https://salvageyarddrone.wordpress.com/2025/05/30/hixiz-llc/;1
https://salvageyarddrone.wordpress.com/2025/05/30/nelson-recycling-llc/;1
https://salvageyarddrone.wordpress.com/2025/06/04/d-w-used-cars-salvage/;1
https://salvageyarddrone.wordpress.com/2025/06/06/woods-auto-salvage/;1
https://salvageyarddrone.wordpress.com/2025/06/12/vintage-parts-inc/;1
https://salvageyarddrone.wordpress.com/2025/06/18/l-e-auto-parts-north-jensen-auto-parts/;1
https://salvageyarddrone.wordpress.com/2025/06/23/ashland-auto-truck-recyclers/;1
https://salvageyarddrone.wordpress.com/2025/06/26/48201533803/;1
https://salvageyarddrone.wordpress.com/2025/06/27/0580883400000002000/;1
https://salvageyarddrone.wordpress.com/2025/06/27/smittys-salvage-repair-inc/;1
https://salvageyarddrone.wordpress.com/2025/06/28/10873-us-2-maple-wi-54854/;1
https://salvageyarddrone.wordpress.com/2025/06/30/pipes-u-pull-it-auto-parts/;1
https://salvageyarddrone.wordpress.com/2025/07/23/630008867/;1
https://salvageyarddrone.wordpress.com/2025/07/28/baxters-classic-cars/;1
https://salvageyarddrone.wordpress.com/2025/07/30/johnson-auto-salvage/;1
https://salvageyarddrone.wordpress.com/2025/08/01/apex-auto-salvage/;1
https://salvageyarddrone.wordpress.com/2025/08/04/barnum-automotive/;1
https://salvageyarddrone.wordpress.com/2025/08/06/kelly-auto-parts/;1
https://salvageyarddrone.wordpress.com/2025/08/08/atlas-used-auto-parts/;1
https://salvageyarddrone.wordpress.com/2025/08/10/crj-heavy-trucks-and-parts/;1
https://salvageyarddrone.wordpress.com/2025/08/11/482015308001019/;1
https://salvageyarddrone.wordpress.com/2025/08/11/rays-auto-repair/;1
https://salvageyarddrone.wordpress.com/2025/08/18/yaeger-auto-salvage/;1
https://salvageyarddrone.wordpress.com/2025/08/19/toms-classic-cars/;1
https://salvageyarddrone.wordpress.com/2025/08/20/cwo-auto-scrap-removal-llc/;1
https://salvageyarddrone.wordpress.com/2025/08/20/martins-heavy-duty-towing/;1
https://salvageyarddrone.wordpress.com/2025/08/20/rivord-repair-center/;1
https://salvageyarddrone.wordpress.com/2025/08/21/east-side-auto/;1
https://salvageyarddrone.wordpress.com/2025/08/22/3640-co-hwy-157-barnum-mn-55707/;1
https://salvageyarddrone.wordpress.com/2025/08/23/harleys-auto-salvage-radiator/;1
https://salvageyarddrone.wordpress.com/2025/08/24/close-call-auto-salvage/;1
https://salvageyarddrone.wordpress.com/2025/08/24/iaa-minneapolis-st-paul/;1
https://salvageyarddrone.wordpress.com/2025/08/24/lees-auto-llc/;1
https://salvageyarddrone.wordpress.com/2025/08/24/leroys-repair/;1
https://salvageyarddrone.wordpress.com/2025/08/25/glen-flora-auto-salvage-sale/;1
https://salvageyarddrone.wordpress.com/2025/08/25/kp-auto-salvage-recycling/;1
https://salvageyarddrone.wordpress.com/2025/08/26/022-00040-0000/;1
https://salvageyarddrone.wordpress.com/2025/08/28/west-cambride-auto-salvage/;1
https://salvageyarddrone.wordpress.com/2025/08/29/026-00015-0000/;1
https://salvageyarddrone.wordpress.com/2025/09/02/junkyard-jed-salvage-yard/;1
https://salvageyarddrone.wordpress.com/2025/09/05/ostroms-auto-parts/;1
https://salvageyarddrone.wordpress.com/2025/09/08/st-paul-auto-parts/;1
https://salvageyarddrone.wordpress.com/2025/09/10/hubers-auto-parts/;1
https://salvageyarddrone.wordpress.com/2025/09/11/180147000/;1
https://salvageyarddrone.wordpress.com/2025/09/12/g-g-auto-salvage/;1
https://salvageyarddrone.wordpress.com/2025/09/14/04-030-2-45-05-06-2-02-000-10000/;1
https://salvageyarddrone.wordpress.com/2025/09/14/07-010-2-38-19-20-1-01-000-016000/;1
https://salvageyarddrone.wordpress.com/2025/09/14/31020-nolander-rd-ashland-wi-54806/;1
https://salvageyarddrone.wordpress.com/2025/09/15/u-pull-r-parts/;1
https://salvageyarddrone.wordpress.com/2025/09/16/space-city-auto-parts-trucks/;1
https://salvageyarddrone.wordpress.com/2025/09/17/rocki-top-auto-recyclers/;1
https://salvageyarddrone.wordpress.com/2025/09/18/highway-101-auto-salvage-inc/;1
https://salvageyarddrone.wordpress.com/2025/09/19/dordal-farm-equipment/;1
https://salvageyarddrone.wordpress.com/2025/09/20/brook-park-auto-recycling/;1
https://salvageyarddrone.wordpress.com/2025/09/22/1710623014352200001/;1
https://salvageyarddrone.wordpress.com/2025/09/23/sams-auto-parts/;1
https://salvageyarddrone.wordpress.com/2025/09/27/big-joes-salvage/;1
https://salvageyarddrone.wordpress.com/2025/10/03/parts-asap/;1
https://salvageyarddrone.wordpress.com/2025/10/04/180155004/;1
https://salvageyarddrone.wordpress.com/2025/10/06/osseo-salvage-llc/;1
https://salvageyarddrone.wordpress.com/2025/10/07/048080002000/;1
https://salvageyarddrone.wordpress.com/2025/10/07/11-19-1-00-003/;1
https://salvageyarddrone.wordpress.com/2025/10/07/rays-salvage-repair/;1
https://salvageyarddrone.wordpress.com/2025/10/08/craigs-towing-repair/;1
https://salvageyarddrone.wordpress.com/2025/10/10/cox-auto-salvage/;1
https://salvageyarddrone.wordpress.com/2025/10/10/d-m-sales-and-repair/;1
https://salvageyarddrone.wordpress.com/2025/10/12/erickson-truck-sales-salvage/;1
https://salvageyarddrone.wordpress.com/2025/10/14/johnsons-auto-salvage/;1
https://salvageyarddrone.wordpress.com/2025/10/15/elmers-auto-salvage/;1
